u,vT,vB,width,disp
3,0,1196,7,0
10,0,1138,7,0.372601
10,1140,1196,7,2.25
17,0,704,7,0.0368272
24,0,678,7,0.0334559
31,0,678,7,0.0807522
38,0,678,7,0.0264706
38,732,868,7,24.0291
45,0,678,7,0.0305147
45,730,768,7,19.2563
45,770,888,7,27.2675
52,0,678,7,0.024705
52,730,772,7,19.6023
52,774,888,7,27.3341
59,0,678,7,0.0704277
59,730,806,7,20.1419
59,808,888,7,27.4055
66,0,676,7,0.139552
66,716,728,7,10.125
66,730,808,7,20.4188
66,810,888,7,27.4656
73,0,674,7,0.353293
73,708,730,7,9.91667
73,732,810,7,19.5372
73,812,888,7,27.4679
80,0,678,7,0.107353
80,698,728,7,9.30469
80,730,758,7,13.8583
80,760,878,7,25.1864
87,0,682,7,0.124269
87,684,734,7,10.0048
87,736,760,7,15.5962
87,762,876,7,25.4634
94,0,670,7,0.0992537
94,678,730,7,10.0278
94,732,762,7,16.0083
94,764,878,7,25.3621
101,0,668,7,0.279167
101,670,726,7,10.0259
101,728,762,7,17.4722
101,764,880,7,25.9864
108,0,656,7,0.37073
108,658,670,7,6.69643
108,672,724,7,10.3611
108,726,764,7,18.4875
108,766,880,7,26.1918
115,0,650,7,0.13587
115,652,724,7,9.92361
115,726,760,7,18.4514
115,762,872,7,25.4576
122,0,644,7,0.110637
122,646,724,7,10.0844
122,726,802,7,20.3109
122,804,880,7,26.4071
129,0,642,7,0.163941
129,644,724,7,10.2439
129,726,804,7,19.4219
129,806,880,7,26.3882
136,0,640,7,0.325554
136,642,720,7,10.4531
136,722,806,7,19.4157
136,808,880,7,26.2466
143,0,640,7,0.484026
143,642,720,7,10.3844
143,722,758,7,17.9276
143,760,854,7,23.4089
150,0,640,7,0.167187
150,642,722,7,10.5274
150,724,804,7,19.439
150,806,872,7,25.3529
157,0,644,7,0.0395963
157,646,720,7,10.4375
157,722,794,7,19.25
157,796,862,7,24.4007
164,0,644,7,0.013587
164,646,696,7,8.80289
164,698,724,7,12.3571
164,726,848,7,21.4839
171,0,642,7,0.0144081
171,644,670,7,8.34821
171,672,722,7,11.3798
171,724,846,7,21.0847
178,0,642,7,0.0801887
178,644,698,7,9.20536
178,700,724,7,12.2692
178,726,846,7,21.1352
185,0,642,7,0.0732759
185,644,716,7,10.2399
185,718,792,7,18.4638
185,794,854,7,23.3952
192,0,642,7,0.148413
192,644,720,7,10.6026
192,722,832,7,20.4777
199,0,638,7,0.340873
199,640,718,7,10.4125
199,720,758,7,17.4
199,760,846,7,22.4688
206,0,638,7,0.362028
206,640,716,7,10.3173
206,718,752,7,16.4653
206,754,846,7,22.383
213,0,642,7,0.260188
213,644,712,7,10.2429
213,714,740,7,15.4018
213,742,840,7,21.4675
220,0,642,7,0.190063
220,644,712,7,10.2
220,714,752,7,16.3438
220,754,838,7,21.3256
227,0,640,7,0.274603
227,642,700,7,9.3875
227,702,748,7,15.0208
227,750,838,7,21.0944
234,0,642,7,0.375392
234,644,698,7,9.32589
234,700,738,7,14.2937
234,740,832,7,20.4734
241,0,638,7,0.396361
241,640,700,7,9.28879
241,702,746,7,15.0109
241,748,834,7,20.3068
248,0,640,7,0.259434
248,642,698,7,8.5819
248,700,744,7,14.4457
248,746,834,7,20.3139
255,0,638,7,0.42082
255,640,698,7,8.675
255,700,744,7,14.2391
255,746,830,7,20.25
262,0,634,7,0.397351
262,636,698,7,8.77344
262,700,742,7,14.2727
262,744,838,7,21.25
269,0,176,7,0.483766
269,178,280,7,1.13043
269,282,300,7,7.85
269,376,400,7,1.25
269,402,438,7,4.35526
269,634,694,7,8.39516
269,696,736,7,13.5119
269,738,830,7,20.4362
276,0,276,7,0.166016
276,278,300,7,7.96875
276,348,352,7,4.79167
276,378,388,7,4.91667
276,402,424,7,4.13542
276,636,696,7,8.31855
276,698,744,7,14.276
276,746,830,7,20.4477
283,0,274,7,0.19186
283,276,300,7,7.88462
283,344,350,7,7.84375
283,378,384,7,7.6875
283,386,400,7,1.79688
283,402,424,7,4.85417
283,618,654,7,4.74342
283,656,696,7,8.7619
283,698,738,7,13.8988
283,740,824,7,19.3895
290,0,274,7,0.352083
290,276,306,7,7.35156
290,308,394,7,0.9375
290,396,424,7,5.30833
290,618,696,7,5.99062
290,698,738,7,13.7857
290,740,824,7,19.2907
297,26,52,7,4.52885
297,54,214,7,1.25
297,216,230,7,4.82812
297,232,274,7,1.18421
297,276,308,7,7.01471
297,310,342,7,1.41964
297,344,384,7,4.69375
297,402,424,7,5.52083
297,618,696,7,5.63125
297,698,738,7,14.0298
297,740,822,7,19.2589
304,0,38,7,0.322368
304,40,52,7,6.96429
304,54,128,7,2.20968
304,210,232,7,4.52083
304,276,306,7,7.375
304,308,376,7,3.22059
304,378,388,7,6.58333
304,402,426,7,5.78846
304,626,696,7,4.46528
304,698,736,7,14.4937
304,738,822,7,19.0407
311,0,36,7,0.948529
311,38,46,7,7.425
311,48,88,7,4.20395
311,90,206,7,1.09318
311,208,228,7,4.23864
311,230,276,7,1.125
311,278,328,7,6.67788
311,330,342,7,1.05357
311,344,388,7,5.78804
311,390,400,7,1.075
311,402,426,7,5.73077
311,618,696,7,3.28125
311,698,740,7,15.1136
311,742,824,7,19.3304
318,2,28,7,2.30769
318,44,82,7,5.42105
318,84,116,7,1.79167
318,118,124,7,6.8125
318,126,274,7,1.20404
318,276,326,7,6.64904
318,328,372,7,3.30435
318,374,386,7,8.16071
318,388,440,7,4.47222
318,626,696,7,2.11806
318,698,820,7,18.0685
325,16,26,7,4.95833
325,50,90,7,5.96875
325,92,276,7,1.16912
325,278,304,7,7.375
325,306,440,7,5.31985
325,630,696,7,1.97059
325,698,820,7,17.9919
332,6,28,7,3.01042
332,58,98,7,4.47024
332,100,276,7,1.14118
332,278,442,7,4.75301
332,634,696,7,1.99219
332,698,820,7,17.9657
339,4,52,7,2.33152
339,68,98,7,3.92969
339,100,276,7,1.18023
339,278,304,7,5.94643
339,306,440,7,3.86174
339,634,694,7,1.93952
339,700,818,7,17.9167
346,0,72,7,1.35069
346,74,92,7,4.55
346,94,276,7,1.00412
346,278,390,7,4.89254
346,402,428,7,5.46429
346,630,698,7,2.14286
346,700,818,7,18.0083
353,18,120,7,3.37745
353,122,274,7,0.9
353,276,428,7,4.91071
353,632,698,7,2.09191
353,700,816,7,17.9301
360,22,80,7,2.30357
360,82,126,7,4.7337
360,128,276,7,0.669643
360,278,388,7,5.33036
360,390,400,7,1.14583
360,402,424,7,5.84375
360,632,698,7,2.25
360,700,816,7,17.9725
367,16,130,7,3.22545
367,132,276,7,0.989437
367,278,388,7,4.91518
367,390,442,7,3.43981
367,630,698,7,2.08571
367,700,814,7,17.7845
374,10,128,7,2.48093
374,130,276,7,0.8625
374,278,440,7,3.9314
374,630,694,7,2.0303
374,700,810,7,17.4375
381,2,146,7,2.39286
381,148,276,7,1.02586
381,278,390,7,4.14693
381,392,444,7,2.49074
381,634,694,7,2.05242
381,700,730,7,13.7969
381,732,812,7,18.2835
388,0,92,7,3.01111
388,94,112,7,1.05556
388,114,128,7,6.75
388,130,228,7,1.94149
388,278,390,7,4.47588
388,392,452,7,2.48214
388,636,690,7,2.04018
388,696,730,7,14.0278
388,732,812,7,18.1067
395,0,16,7,0.821429
395,18,116,7,3.2602
395,118,134,7,6.68056
395,136,276,7,1.19403
395,278,442,7,4.12801
395,630,694,7,2.27652
395,696,730,7,13.9444
395,732,812,7,18.0244
402,10,166,7,2.43993
402,168,276,7,0.802885
402,278,442,7,3.5994
402,642,696,7,3.01339
402,698,724,7,13.1875
402,726,810,7,17.4797
409,10,230,7,2.16827
409,278,442,7,3.30793
409,642,694,7,3.69444
409,696,726,7,11.9922
409,728,810,7,17.2649
416,0,276,7,1.25547
416,278,440,7,2.79063
416,642,698,7,4.25862
416,700,726,7,11.9643
416,728,810,7,17.244
423,0,276,7,0.935662
423,278,442,7,2.32831
423,642,698,7,4.65086
423,700,726,7,12.0089
423,728,810,7,16.9911
430,0,42,7,0.471591
430,44,276,7,0.807018
430,278,438,7,2.04905
430,642,690,7,4.32
430,692,726,7,10.75
430,728,810,7,16.9256
437,0,354,7,1.48635
437,356,442,7,2.86648
437,642,684,7,3.98864
437,686,702,7,7.63889
437,704,724,7,11.7159
437,726,798,7,16.4764
444,0,72,7,0.431818
444,74,352,7,0.915468
444,354,432,7,2.25
444,642,692,7,4.3125
444,694,724,7,10.7188
444,726,804,7,16.4375
451,0,646,7,0.402174
451,648,682,7,3.13889
451,684,702,7,7.65
451,704,726,7,12.0104
451,728,804,7,16.1891
458,0,670,7,0.5
458,684,704,7,7.89773
458,706,788,7,14.4226
465,0,654,7,0.480263
465,656,682,7,2.28571
465,684,704,7,8.13636
465,706,788,7,14.4315
472,0,646,7,0.453822
472,648,682,7,2.09028
472,684,720,7,9.76974
472,722,800,7,15.1313
479,0,206,7,0.375
479,208,230,7,3.4375
479,278,300,7,3.17708
479,648,682,7,2.15278
479,684,718,7,9.29861
479,720,798,7,15.0406
486,0,210,7,0.401442
486,212,230,7,3.375
486,232,680,7,0.730293
486,682,718,7,9.0329
486,720,800,7,14.9299
493,0,680,7,0.411364
493,682,718,7,8.94737
493,720,800,7,14.939
500,0,104,7,0.482843
500,106,682,7,0.78853
500,684,716,7,9.10294
500,718,788,7,14.4896
507,0,670,7,0.461806
507,690,718,7,9.34167
507,720,790,7,14.3576
514,0,670,7,0.440152
514,694,718,7,9.42308
514,720,792,7,14.2331
521,0,670,7,0.454755
521,694,716,7,9.41667
521,718,790,7,13.9426
528,0,62,7,0.451613
528,64,680,7,0.817114
528,694,716,7,9.29167
528,718,792,7,13.9112
535,0,62,7,0.183594
535,64,680,7,0.854651
535,682,698,7,6.22222
535,700,716,7,9.98611
535,718,782,7,13.4886
542,0,136,7,1.2225
542,138,232,7,2.76902
542,282,294,7,8.875
542,296,452,7,3.40577
542,648,678,7,2.27344
542,680,704,7,6.93269
542,706,784,7,12.9563
549,0,74,7,0.195312
549,76,92,7,5.70833
549,284,288,7,9.79167
549,290,376,7,2.34766
549,378,382,7,9.16667
549,384,436,7,1.44737
549,438,456,7,6.0125
549,668,694,7,4.85714
549,696,714,7,9.3625
549,716,784,7,13.3071
556,0,354,7,0.393895
556,356,386,7,5.40179
556,646,672,7,2.25
556,674,698,7,5.90385
556,700,774,7,12.2796
563,0,356,7,0.494853
563,358,366,7,5.55
563,646,672,7,2.26786
563,674,698,7,6.18269
563,700,774,7,12.2039
570,0,56,7,0.477679
570,58,188,7,1.80664
570,292,442,7,3.09615
570,670,698,7,5.9
570,700,776,7,11.9808
577,0,100,7,1.46429
577,102,128,7,4.08654
577,130,300,7,1.1491
577,302,454,7,3.48611
577,670,708,7,6.6375
577,710,778,7,12.1464
584,0,38,7,1.19853
584,40,108,7,3.13889
584,110,128,7,6.625
584,130,314,7,1.43391
584,316,364,7,5.84524
584,366,374,7,0.8125
584,376,396,7,9.9625
584,398,424,7,5.49107
584,668,708,7,6.66071
584,710,776,7,12.0331
591,0,112,7,1.96591
591,114,134,7,5.71591
591,284,286,7,11.75
591,288,302,7,3.65625
591,318,360,7,6.77841
591,362,374,7,0.854167
591,376,416,7,7.90476
591,418,452,7,3.78125
591,668,702,7,6.125
591,704,768,7,11.322
598,0,74,7,0.405405
598,76,146,7,2.5
598,288,324,7,1.67188
598,326,424,7,5.21739
598,426,436,7,1.22917
598,438,454,7,6.25
598,670,708,7,6.61875
598,710,776,7,11.6544
605,0,330,7,1.125
605,332,346,7,7.20312
605,358,424,7,5.33333
605,670,704,7,6.375
605,706,770,7,11.3485
612,0,28,7,4.01667
612,30,60,7,1.42188
612,62,122,7,4.9
612,124,166,7,2.9881
612,168,282,7,1.25
612,284,452,7,5.80222
612,648,678,7,2.38281
612,680,706,7,6.97321
612,708,770,7,11.2539
619,0,128,7,5.05577
619,130,188,7,2.3625
619,216,230,7,3.9375
619,282,432,7,6.53425
619,434,454,7,10.1625
619,648,684,7,2.30921
619,686,706,7,7.30682
619,708,770,7,11.1562
626,0,26,7,4.50893
626,28,128,7,2.44118
626,282,322,7,5.33333
626,324,336,7,0.791667
626,338,432,7,6.89062
626,434,452,7,9.88889
626,642,686,7,2.16848
626,688,708,7,7.69318
626,710,770,7,11.1613
633,0,336,7,0.827273
633,338,444,7,4.45098
633,642,688,7,2.29167
633,690,756,7,9.89706
640,18,74,7,1.90948
640,326,456,7,3.7822
640,644,688,7,2.21739
640,690,756,7,9.70956
647,0,128,7,3.38654
647,130,278,7,0.695946
647,280,300,7,5.93182
647,302,314,7,1.45833
647,316,426,7,5.21429
647,428,436,7,0.975
647,438,456,7,5.825
647,648,688,7,2.2619
647,690,750,7,9.35081
654,0,126,7,3.79563
654,128,278,7,0.811667
654,280,294,7,7.375
654,296,320,7,3.13462
654,322,458,7,5.86594
654,648,688,7,2.27381
654,690,752,7,9.21094
661,0,92,7,4.19947
661,94,276,7,1.25
661,278,442,7,5.36596
661,444,458,7,8.57812
661,648,684,7,2.18421
661,686,702,7,6.13889
661,704,760,7,9.77586
668,0,104,7,4.73585
668,106,276,7,1.01698
668,278,458,7,6.32555
668,648,686,7,2.3875
668,688,740,7,8.22685
675,0,96,7,4.125
675,98,278,7,0.770833
675,280,390,7,4.91964
675,392,402,7,10.2083
675,404,456,7,5.55769
675,670,698,7,4.30833
675,700,752,7,8.91667
682,0,94,7,3.73438
682,280,456,7,5.17135
682,652,686,7,2.5
682,688,740,7,7.91204
689,0,90,7,3.19565
689,282,286,7,9.20833
689,288,454,7,4.2622
689,658,684,7,2.40179
689,686,742,7,7.88362
696,0,84,7,2.94477
696,284,456,7,4.21988
696,658,684,7,2.44643
696,686,744,7,7.84167
703,0,90,7,3.28261
703,286,458,7,4.5
703,644,684,7,2.08929
703,686,744,7,7.76667
710,0,96,7,4.05102
710,98,276,7,0.933989
710,278,426,7,5.21655
710,440,458,7,5.9125
710,646,684,7,2.125
710,686,744,7,7.75417
717,0,92,7,3.63859
717,278,296,7,7.1125
717,298,312,7,2.375
717,314,424,7,6.13915
717,440,456,7,7.90625
717,634,684,7,2.07692
717,686,744,7,7.67083
724,0,52,7,3.62037
724,54,126,7,2.20946
724,278,296,7,7.3
724,298,322,7,2.53125
724,324,424,7,5.59115
724,426,442,7,1.48214
724,444,458,7,8.59375
724,624,688,7,2.14773
724,690,744,7,7.63839
731,0,126,7,2.22421
731,278,424,7,4.35507
731,426,442,7,1.29167
731,444,450,7,8.40625
731,634,686,7,2.36574
731,688,736,7,7.115
738,0,126,7,2.63294
738,280,286,7,9.15625
738,288,448,7,3.81579
738,630,688,7,3.65417
738,690,736,7,7.15104
745,0,126,7,2.90524
745,276,480,7,3.66927
745,630,690,7,4.12903
745,692,736,7,7.04891
752,0,96,7,2.41223
752,278,464,7,4.1092
752,632,714,7,4.81548
759,2,96,7,2.98333
759,98,280,7,0.69382
759,282,302,7,7.04545
759,304,424,7,4.44643
759,426,438,7,1.175
759,440,458,7,7.7125
759,636,716,7,4.83537
766,0,92,7,2.79348
766,94,280,7,1.06183
766,282,304,7,7.4375
766,306,440,7,4.35913
766,442,460,7,7.15278
766,634,688,7,3.84821
766,690,728,7,6.2
773,0,92,7,1.89205
773,278,296,7,7.725
773,298,392,7,3.875
773,394,402,7,9.025
773,404,440,7,3.02083
773,442,458,7,7.70833
773,648,718,7,4.97917
780,0,276,7,0.817164
780,278,288,7,8.70833
780,290,456,7,3.99359
780,648,684,7,3.25658
780,686,728,7,6.00568
787,0,278,7,0.593284
787,280,286,7,10.2812
787,288,462,7,3.00305
787,666,718,7,5
794,0,282,7,0.685219
794,284,464,7,2.82471
794,670,718,7,4.925
801,0,282,7,0.486607
801,284,376,7,3.12778
801,396,424,7,5.76786
801,656,680,7,2.20192
801,682,728,7,5.66146
808,0,112,7,0.395833
808,114,120,7,5.59375
808,282,364,7,3.62162
808,366,392,7,1.3125
808,394,422,7,8.14423
808,652,682,7,2.15625
808,684,728,7,5.51087
815,0,280,7,0.450893
815,282,296,7,5.84375
815,298,350,7,2.25
815,352,356,7,8.70833
815,358,392,7,1.25833
815,394,422,7,8.33333
815,652,684,7,2.19118
822,0,280,7,0.254529
822,282,294,7,7.64286
822,296,350,7,1.35119
822,352,362,7,9.34375
822,364,388,7,1.45455
822,390,400,7,10.7812
822,402,438,7,1.76786
822,440,456,7,5.91667
822,652,686,7,2.26389
829,0,84,7,0.456395
829,86,386,7,1.36866
829,388,400,7,8.98214
829,414,456,7,2.55952
829,650,688,7,2.24375
836,14,26,7,3.14286
836,78,92,7,4.34375
836,122,206,7,1.47561
836,208,230,7,4.875
836,284,286,7,9.3125
836,288,368,7,2.89286
836,370,400,7,7.9375
836,402,460,7,3.20536
836,650,690,7,2.20833
843,0,82,7,0.140244
843,84,92,7,4.6
843,94,206,7,1.01818
843,208,228,7,5.60227
843,284,294,7,4.77083
843,296,354,7,1.39773
843,356,400,7,8.13043
843,402,412,7,1.8125
843,414,424,7,6.47917
843,442,458,7,5.93056
843,650,692,7,2.16477
850,0,70,7,0.388889
850,72,350,7,1.3877
850,352,424,7,5.21528
850,442,460,7,4.65
850,650,694,7,2.1413
857,0,110,7,0.339623
857,112,350,7,1.28728
857,352,362,7,8.4375
857,364,386,7,1.14773
857,388,424,7,4.24265
857,638,686,7,1.49
864,0,44,7,0.465909
864,46,350,7,1.89583
864,352,362,7,9.89583
864,364,394,7,2.34167
864,396,404,7,10.5
864,406,460,7,2.84375
864,636,686,7,1.46154
871,2,32,7,2.175
871,44,66,7,4.97727
871,68,110,7,2.32955
871,112,242,7,3.91856
871,244,280,7,1.26974
871,282,294,7,7.01786
871,296,328,7,2.20833
871,330,364,7,7.74107
871,366,386,7,3.32955
871,388,420,7,9.34615
871,422,462,7,3.7381
871,660,694,7,2.30556
878,12,236,7,4.13462
878,238,278,7,1.175
878,280,300,7,7.14773
878,302,328,7,2.34821
878,330,362,7,8.20833
878,364,380,7,3.65278
878,382,422,7,9.16667
878,424,460,7,4.92763
878,660,702,7,2.82955
885,16,232,7,3.38208
885,278,328,7,3.77404
885,330,400,7,6.61667
885,402,462,7,4.86161
885,660,702,7,3.03409
892,22,30,7,4.45
892,76,88,7,3.82143
892,106,124,7,4.2125
892,126,206,7,1.43421
892,208,228,7,3.56818
892,278,350,7,2.88971
892,352,380,7,5.25833
892,386,400,7,8.5
892,402,460,7,4.57407
892,662,702,7,3.19643
899,0,276,7,1.36852
899,278,460,7,3.46037
899,666,702,7,3.21053
906,2,22,7,3.1125
906,24,78,7,0.975
906,80,230,7,2.74167
906,282,356,7,4.21071
906,358,362,7,12.9583
906,364,392,7,2.39286
906,394,400,7,8.84375
906,402,460,7,3.74038
906,664,702,7,2.78125
913,0,26,7,3.25
913,46,228,7,2.35989
913,282,356,7,3.81985
913,358,362,7,10.875
913,364,460,7,3.27083
913,654,694,7,2.15476
920,0,28,7,4.00833
920,48,92,7,3.94318
920,94,220,7,2.08065
920,278,304,7,6.57143
920,306,324,7,1.8875
920,326,464,7,4.15192
920,652,694,7,2.09091
927,0,30,7,4.35
927,32,56,7,1.48438
927,58,92,7,5.81618
927,94,186,7,2.91667
927,188,276,7,1.3125
927,278,364,7,5.85
927,366,384,7,2.3
927,386,400,7,8.03125
927,402,452,7,3.25
927,454,464,7,6.52083
927,642,694,7,2.16667
934,0,128,7,4.66071
934,130,276,7,2.19178
934,278,296,7,8.3375
934,298,424,7,5.17373
934,426,478,7,2.47685
934,640,692,7,2.33333
941,24,128,7,2.77557
941,278,286,7,8.3
941,288,376,7,3.29545
941,396,402,7,8.6875
941,642,702,7,2.91935
948,20,58,7,3.84211
948,60,78,7,0.7875
948,80,124,7,3.34239
948,126,276,7,0.886667
948,278,366,7,4.21667
948,368,426,7,1.9537
948,642,702,7,3.0121
955,16,120,7,3.35784
955,122,278,7,1.02703
955,280,372,7,4.28457
955,644,702,7,3.07083
962,22,104,7,3.1875
962,106,278,7,0.724702
962,280,364,7,3.63415
962,644,702,7,3.0625
969,14,130,7,3.17888
969,132,278,7,1.16781
969,280,362,7,4.49702
969,642,686,7,2.32609
976,14,60,7,2.42935
976,62,90,7,5
976,92,280,7,0.936842
976,282,294,7,7.95833
976,296,372,7,3.80769
976,636,674,7,1.48125
983,0,56,7,1.40625
983,58,90,7,5.55882
983,92,276,7,0.872283
983,278,296,7,7.3
983,298,356,7,3.45833
983,358,364,7,8.625
983,366,402,7,2.01974
983,546,582,7,3.375
983,636,676,7,1.47024
990,0,60,7,0.931035
990,62,84,7,5.33333
990,86,126,7,1.65476
990,278,286,7,6.475
990,288,380,7,3.10054
990,548,582,7,3.51389
990,644,694,7,2.11058
997,0,42,7,2.32639
997,44,106,7,5.78333
997,108,206,7,1.21939
997,208,228,7,4.20455
997,278,296,7,7.2625
997,298,398,7,4.39031
997,544,586,7,3.625
997,644,694,7,2.05769
1004,0,56,7,1.21
1004,58,64,7,8.375
1004,66,124,7,2.2069
1004,290,404,7,3.26724
1004,544,586,7,3.71023
1004,648,694,7,2.07292
1011,0,38,7,0.651316
1011,40,52,7,4.67857
1011,76,122,7,3.43478
1011,290,404,7,3.43519
1011,546,586,7,3.61905
1011,642,692,7,2.01442
1018,20,120,7,1.83777
1018,282,404,7,2.91964
1018,546,580,7,3.47222
1018,582,686,7,1.16038
1025,22,28,7,5.125
1025,30,68,7,0.986111
1025,70,88,7,3.375
1025,280,424,7,3.34375
1025,544,580,7,3.52632
1025,582,686,7,1.10613
1032,4,128,7,4.38657
1032,130,216,7,1.43182
1032,218,230,7,3.96429
1032,286,424,7,4.57353
1032,538,582,7,3.17391
1032,584,686,7,1.23077
1039,0,16,7,1.42188
1039,18,26,7,5.95
1039,28,56,7,1.01786
1039,58,74,7,4.29167
1039,76,114,7,0.8375
1039,116,126,7,5.125
1039,128,220,7,0.904891
1039,222,230,7,4.55
1039,280,424,7,3.99094
1039,538,586,7,3.28
1039,588,686,7,1.3525
1046,0,6,7,2.84375
1046,294,430,7,3.00187
1046,526,586,7,3.39113
1046,588,694,7,1.72685
1053,0,22,7,3.94792
1053,40,86,7,3.0625
1053,88,290,7,1.11386
1053,292,454,7,3.91921
1053,500,588,7,3.31944
1053,590,692,7,1.95192
1060,0,18,7,2.025
1060,318,460,7,3.37679
1060,496,702,7,2.90986
1067,4,28,7,1.88542
1067,326,702,7,3.09109
1074,16,32,7,4.11111
1074,34,316,7,0.771898
1074,318,426,7,4.77727
1074,428,698,7,3.23438
1081,14,30,7,3.66667
1081,32,322,7,0.974315
1081,324,608,7,4.12325
1081,610,678,7,2.14643
1081,680,728,7,5.55
1088,18,24,7,4.6875
1088,40,48,7,3.075
1088,118,126,7,3.625
1088,326,608,7,3.89982
1088,610,680,7,2.18056
1088,682,728,7,5.85417
1095,0,322,7,1.14531
1095,324,608,7,3.89073
1095,610,682,7,2.28041
1095,684,728,7,6.21196
1102,0,320,7,1.3
1102,322,620,7,3.90917
1102,622,682,7,2.29839
1102,684,736,7,6.68982
1109,0,326,7,1.02136
1109,328,618,7,3.98288
1109,620,684,7,2.85985
1109,686,736,7,7.18269
1116,0,46,7,0.395833
1116,48,296,7,0.843487
1116,298,688,7,3.95855
1116,690,744,7,7.65625
1123,0,308,7,0.866722
1123,310,688,7,4.18553
1123,690,744,7,7.81696
1130,0,66,7,0.488281
1130,68,88,7,3.64773
1130,90,316,7,0.906798
1130,318,684,7,4.36141
1130,686,744,7,7.8875
1137,0,64,7,0.761364
1137,66,92,7,4.25
1137,94,322,7,1.09009
1137,324,684,7,4.41298
1137,686,744,7,7.98333
1144,12,28,7,3.40278
1144,50,126,7,3.29276
1144,128,276,7,0.894097
1144,278,686,7,4.39756
1144,688,744,7,8.20259
1151,18,28,7,3.91667
1151,50,68,7,4.33333
1151,70,120,7,1.845
1151,296,690,7,4.71843
1151,692,752,7,8.7379
1158,0,288,7,0.320922
1158,290,386,7,3.30357
1158,388,690,7,4.85609
1158,692,752,7,8.98387
1165,0,36,7,1.04605
1165,38,50,7,6.30357
1165,52,124,7,2.73828
1165,126,298,7,0.772321
1165,300,688,7,4.9859
1165,690,752,7,9.15234
1172,0,38,7,2.625
1172,40,54,7,8
1172,56,130,7,3.66319
1172,132,296,7,1.2608
1172,298,562,7,5.63534
1172,564,686,7,4.35887
1172,688,752,7,9.32197
1179,16,92,7,3.17763
1179,94,296,7,1.14268
1179,298,690,7,5.13769
1179,692,760,7,9.73214
1186,14,90,7,3.37179
1186,92,274,7,1.05299
1186,276,344,7,3.72143
1186,346,560,7,5.82523
1186,562,690,7,5.075
1186,692,760,7,9.95714
1193,6,66,7,2.47083
1193,68,78,7,6.22917
1193,80,274,7,0.901042
1193,276,348,7,3.80405
1193,350,560,7,5.87854
1193,562,690,7,5.12308
1193,692,760,7,10.2179
1200,2,60,7,2.4625
1200,62,84,7,6.30208
1200,86,274,7,0.881793
1200,276,326,7,4.24519
1200,328,696,7,5.67838
1200,698,770,7,10.7838
1207,0,22,7,3.4125
1207,38,92,7,4.67857
1207,94,276,7,1.13506
1207,278,694,7,5.61722
1207,696,770,7,11.0724
1214,0,6,7,6.0625
1214,38,96,7,4.77232
1214,98,294,7,0.824468
1214,296,694,7,5.76438
1214,696,770,7,11.1678
1221,0,8,7,4.875
1221,10,42,7,0.867647
1221,44,52,7,8.225
1221,54,74,7,1.27273
1221,76,96,7,4.5
1221,98,294,7,0.688172
1221,296,696,7,5.81219
1221,698,766,7,11.2893
1228,0,294,7,0.499144
1228,296,696,7,5.83644
1228,698,778,7,11.8598
1235,16,30,7,3.34375
1235,294,696,7,5.93193
1235,698,776,7,12.1
1242,0,294,7,0.457192
1242,296,698,7,5.99876
1242,700,772,7,12.2838
1249,14,26,7,4.42857
1249,28,292,7,0.624031
1249,294,696,7,6.03527
1249,698,772,7,12.3684
1256,0,52,7,3.26562
1256,54,288,7,1.42349
1256,290,700,7,6.11529
1256,702,784,7,12.9821
1263,0,6,7,3.09375
1263,14,14,7,8.5
1263,38,52,7,4.65625
1263,208,226,7,3.8875
1263,284,670,7,6.07925
1263,672,710,7,8.31875
1263,712,782,7,13.4028
1270,0,284,7,0.219643
1270,286,678,7,6.21066
1270,680,716,7,8.81579
1270,718,794,7,13.8878
1277,0,284,7,0.283929
1277,286,672,7,6.26997
1277,674,716,7,8.73864
1277,718,792,7,14.0197
1284,14,26,7,4.01786
1284,28,56,7,0.795455
1284,58,66,7,5.375
1284,68,276,7,1.15944
1284,278,648,7,6.36761
1284,650,716,7,8.31618
1284,718,792,7,14.2204
1291,20,26,7,4.96875
1291,28,280,7,0.985
1291,282,444,7,5.98628
1291,446,686,7,6.97314
1291,688,716,7,9.14167
1291,718,790,7,14.4189
1298,0,278,7,0.932904
1298,280,432,7,5.98539
1298,434,710,7,7.27518
1298,712,788,7,14.375
1305,0,82,7,0.466463
1305,84,278,7,0.706633
1305,280,416,7,6.03261
1305,418,684,7,7.1166
1305,686,718,7,9.09559
1305,720,798,7,15.05
1312,0,258,7,0.242188
1312,260,396,7,5.85688
1312,398,682,7,7.21416
1312,684,722,7,9.21875
1312,724,798,7,15.2039
1319,0,252,7,0.731681
1319,254,384,7,5.98864
1319,386,674,7,7.28879
1319,676,724,7,9.135
1319,726,796,7,15.2778
1326,6,24,7,3.40625
1326,88,126,7,4.08929
1326,128,250,7,0.97807
1326,252,334,7,5.4256
1326,336,672,7,7.28772
1326,674,726,7,9.25926
1326,728,796,7,15.425
1333,0,206,7,1.28479
1333,208,222,7,6.30357
1333,224,238,7,1.21875
1333,240,328,7,5.15
1333,330,684,7,7.37851
1333,686,732,7,10.099
1333,734,804,7,15.9479
1340,0,206,7,1.27168
1340,208,324,7,5.86638
1340,326,678,7,7.4548
1340,680,734,7,9.98214
1340,736,804,7,16.175
1347,0,196,7,1.39714
1347,198,200,7,7.75
1347,202,212,7,2.10417
1347,214,314,7,5.93137
1347,316,694,7,7.46711
1347,696,740,7,10.9022
1347,742,804,7,16.3789
1354,0,146,7,2.06066
1354,148,196,7,1.19565
1354,198,296,7,5.80612
1354,298,694,7,7.44472
1354,696,742,7,11.099
1354,744,812,7,17.0536
1361,0,126,7,1.875
1361,128,228,7,1.4625
1361,230,290,7,5.90726
1361,292,698,7,7.59314
1361,700,742,7,11.4375
1361,744,814,7,17.3542
1368,0,46,7,1.30952
1368,48,66,7,9
1368,68,124,7,2.3587
1368,126,196,7,1.14919
1368,198,652,7,7.28069
1368,654,706,7,9.125
1368,708,744,7,11.9803
1368,746,820,7,17.9836
1375,0,12,7,1.51786
1375,14,26,7,6.375
1375,28,38,7,0.958333
1375,40,64,7,10.3571
1375,66,126,7,5.07
1375,128,154,7,0.732143
1375,156,196,7,3.0625
1375,198,644,7,7.40792
1375,646,704,7,9.2
1375,706,746,7,12.0119
1375,748,820,7,18.1047
1382,0,18,7,2.75
1382,20,80,7,8.98148
1382,82,124,7,5.54605
1382,158,642,7,7.34271
1382,644,704,7,9.38306
1382,706,746,7,12.1131
1382,748,820,7,18.2297
1389,0,4,7,3.20833
1389,6,88,7,8.71071
1389,90,208,7,3.20551
1389,210,664,7,7.62555
1389,666,742,7,11.0064
1389,744,820,7,18.1154
1396,0,12,7,3.89583
1396,14,60,7,10.2778
1396,62,64,7,2.4375
1396,66,96,7,7.91406
1396,98,210,7,2.41435
1396,212,654,7,7.67793
1396,656,716,7,10.1613
1396,718,750,7,13.3088
1396,752,828,7,19.0321
1403,0,18,7,7.53125
1403,20,26,7,18
1403,28,36,7,4.125
1403,38,92,7,9.17262
1403,94,164,7,2.32895
1403,166,174,7,8.25
1403,176,206,7,2.88462
1403,208,264,7,5.82759
1403,266,650,7,7.76166
1403,652,714,7,10.168
1403,716,752,7,13.3553
1403,754,830,7,19.4391
1410,0,4,7,2.79167
1410,6,22,7,7.45833
1410,24,34,7,15
1410,36,148,7,5.15625
1410,150,162,7,1.27083
1410,164,178,7,7.71429
1410,180,196,7,2.40278
1410,198,262,7,5.85606
1410,264,642,7,7.85066
1410,644,712,7,10.0857
1410,714,752,7,13.3687
1410,754,828,7,19.4605
1417,0,134,7,5.39231
1417,136,164,7,1.825
1417,166,180,7,9.29688
1417,182,196,7,3.29688
1417,198,260,7,6.18359
1417,262,636,7,7.88298
1417,638,708,7,10.0521
1417,710,750,7,13.244
1417,752,822,7,19.4757
1424,16,108,7,4.26316
1424,110,124,7,7.58929
1424,126,170,7,1.43478
1424,172,176,7,10.125
1424,178,262,7,5.88081
1424,264,632,7,7.94189
1424,634,718,7,10.2529
1424,720,756,7,14.0855
1424,758,834,7,20.1314
1431,2,20,7,6.3
1431,22,48,7,10.25
1431,50,124,7,6.88636
1431,126,152,7,1.73958
1431,154,208,7,5.26852
1431,210,626,7,7.86842
1431,628,710,7,10.1488
1431,712,750,7,13.475
1431,752,824,7,19.4662
1438,16,34,7,2.8125
1438,36,48,7,10.45
1438,50,56,7,2.59375
1438,58,66,7,8.35
1438,68,108,7,4.08333
1438,110,122,7,11.375
1438,124,208,7,3.02083
1438,210,608,7,7.82812
1438,610,714,7,10.4222
1438,716,758,7,14.108
1438,760,834,7,20.1875
1445,0,0,7,2.875
1445,18,36,7,3.4375
1445,38,52,7,10.5714
1445,54,80,7,3.625
1445,82,132,7,10.0368
1445,134,166,7,2.375
1445,168,178,7,11.7
1445,180,206,7,3.625
1445,208,606,7,7.90625
1445,608,722,7,10.8233
1445,724,762,7,14.8
1445,764,834,7,20.4757
1452,20,40,7,4.76136
1452,42,48,7,10.5312
1452,50,78,7,4.41667
1452,80,104,7,11.4444
1452,106,146,7,6.36184
1452,148,164,7,1.82143
1452,166,208,7,6.05882
1452,210,600,7,8.02742
1452,602,722,7,11.0533
1452,724,764,7,15.0298
1452,766,846,7,21.2195
1459,8,74,7,3.4213
1459,76,94,7,15.6375
1459,96,184,7,4.12847
1459,186,594,7,8.15564
1459,596,716,7,11.1762
1459,718,764,7,15.0573
1459,766,846,7,21.2134
1466,0,18,7,2.01562
1466,20,30,7,6.125
1466,32,60,7,1.65833
1466,62,76,7,8.77083
1466,78,160,7,3.03819
1466,162,180,7,0.982143
1466,182,596,7,8.14756
1466,598,718,7,11.4939
1466,720,764,7,15.413
1466,766,840,7,21.25
1473,0,14,7,1.21875
1473,16,30,7,6.01786
1473,32,56,7,2.075
1473,58,74,7,11.8393
1473,76,192,7,3.93548
1473,194,220,7,7.4125
1473,222,240,7,11.2375
1473,242,598,7,8.32053
1473,600,714,7,11.4978
1473,716,764,7,15.445
1473,766,840,7,21.1447
1480,0,36,7,6.14167
1480,38,108,7,10.8819
1480,110,162,7,6.09783
1480,164,398,7,8.06194
1480,400,624,7,9.23562
1480,626,722,7,11.9158
1480,724,766,7,16.0455
1480,768,838,7,21.4896
1487,0,24,7,6.88636
1487,26,38,7,2.54167
1487,40,136,7,12.5872
1487,138,168,7,7.32955
1487,170,196,7,12.9886
1487,198,386,7,8.04654
1487,388,610,7,9.10156
1487,612,724,7,11.9715
1487,726,772,7,16.349
1487,774,854,7,22.4726
1494,0,38,7,5.50735
1494,40,52,7,12.3958
1494,54,60,7,3.34375
1494,62,92,7,10.475
1494,94,122,7,5.61538
1494,124,152,7,10.0179
1494,154,168,7,5.16667
1494,170,232,7,9.05603
1494,234,248,7,4.78125
1494,250,380,7,7.85227
1494,382,594,7,9.19276
1494,596,720,7,11.8433
1494,722,768,7,16.0521
1494,770,850,7,22.4939
1501,0,34,7,5.95588
1501,36,48,7,17
1501,50,58,7,2.53125
1501,60,180,7,11.102
1501,182,346,7,7.21429
1501,348,590,7,8.94467
1501,592,724,7,12.028
1501,726,768,7,16.25
1501,770,846,7,22.4872
1508,0,62,7,8.17647
1508,64,178,7,14.0326
1508,180,358,7,7.27196
1508,360,592,7,9.38248
1508,594,720,7,12.0938
1508,722,774,7,16.4907
1508,776,860,7,23.468
1515,0,2,7,4.1875
1515,4,66,7,12.8333
1515,68,140,7,19.0729
1515,142,216,7,13
1515,218,356,7,7.46739
1515,358,600,7,9.75205
1515,602,718,7,12.1123
1515,720,772,7,16.4306
1515,774,854,7,23.4604
1522,0,198,7,19.9963
1522,200,230,7,13.0469
1522,232,352,7,7.29375
1522,354,610,7,9.91182
1522,612,720,7,12.25
1522,722,770,7,16.495
1522,772,854,7,23.4851
1529,0,220,7,20.3524
1529,222,348,7,7.1225
1529,350,424,7,11.4408
1529,426,604,7,9.85694
1529,606,722,7,12.1462
1529,724,778,7,17.0759
1529,780,862,7,24.2202
1536,0,252,7,21.1413
1536,254,342,7,7.01389
1536,344,424,7,11.7774
1536,426,596,7,10.1599
1536,598,724,7,12.2461
1536,726,778,7,17.3056
1536,780,862,7,24.375
1543,0,252,7,21.2738
1543,254,334,7,7.08333
1543,336,642,7,11.3466
1543,644,728,7,12.9913
1543,730,782,7,17.9352
1543,784,880,7,25.4566
1550,0,256,7,21.2829
1550,258,330,7,7.20946
1550,332,724,7,12.0895
1550,726,786,7,18.1452
1550,788,890,7,26.4135
1557,0,264,7,21.4865
1557,266,324,7,7.44583
1557,326,724,7,12.3162
1557,726,788,7,18.3281
1557,790,888,7,26.485
1564,0,258,7,21.7519
1564,260,310,7,7.47024
1564,312,648,7,12.0762
1564,650,726,7,13.8173
1564,728,788,7,18.4798
1564,790,888,7,26.4625
1571,0,262,7,21.8002
1571,264,306,7,7.27778
1571,308,632,7,12.2009
1571,634,724,7,13.8505
1571,726,788,7,18.4648
1571,790,888,7,26.4575
1578,0,268,7,21.7954
1578,270,298,7,6.83654
1578,300,634,7,12.3847
1578,636,730,7,14.0833
1578,732,790,7,19.0167
1578,792,890,7,26.495
1585,0,270,7,21.7123
1585,272,300,7,7.20833
1585,302,718,7,13.1112
1585,720,788,7,18.4321
1585,790,886,7,26.5
1592,0,270,7,21.6618
1592,272,296,7,7.72115
1592,298,722,7,13.4308
1592,724,794,7,19.0208
1592,796,898,7,27.4471
1599,0,270,7,21.4366
1599,272,292,7,8.71591
1599,294,400,7,12.3542
1599,402,726,7,14.1189
1599,728,790,7,19.1172
1599,792,898,7,27.4861
1606,0,258,7,21.3087
1606,260,394,7,12.2371
1606,396,724,7,14.1932
1606,726,796,7,19.4375
1606,798,906,7,28.225
1613,0,258,7,21.3192
1613,260,376,7,12.4025
1613,378,722,7,14.1561
1613,724,794,7,19.4167
1613,796,908,7,28.4759
1620,0,250,7,21.379
1620,252,340,7,12.4944
1620,342,720,7,14.148
1620,722,794,7,19.4358
1620,796,912,7,28.4682
1627,0,240,7,21.4483
1627,242,724,7,14.017
1627,726,790,7,19.4962
1627,792,912,7,28.3975
1634,0,244,7,21.4909
1634,246,720,7,14.3151
1634,722,804,7,20.1399
1634,806,916,7,29.4464
1641,0,234,7,21.4915
1641,236,726,7,14.6707
1641,728,802,7,20.4309
1641,804,916,7,29.4781
1648,0,234,7,21.4883
1648,236,724,7,14.9566
1648,726,802,7,20.4679
1648,804,912,7,29.4682
1655,0,226,7,21.8169
1655,228,728,7,15.4303
1655,730,808,7,21.0656
1655,810,920,7,30.4799
1662,0,236,7,21.4737
1662,238,572,7,16.3876
1662,574,710,7,14.5
1662,712,806,7,20.1432
1662,808,920,7,30.4781
1669,0,160,7,22.3765
1669,162,294,7,19.4981
1669,296,734,7,15.8864
1669,736,808,7,21.4392
1669,810,936,7,31.4629
1676,0,218,7,22.4636
1676,220,300,7,19.4909
1676,302,546,7,16.498
1676,548,710,7,14.4604
1676,712,804,7,20.4309
1676,806,936,7,31.4318
1683,0,230,7,22.4828
1683,232,302,7,19.4444
1683,304,734,7,15.8513
1683,736,814,7,22.1844
1683,816,938,7,32.2802
1690,0,168,7,23.4956
1690,170,300,7,20.2652
1690,302,740,7,15.9932
1690,742,814,7,22.473
1690,816,936,7,32.3955
1697,0,172,7,23.4741
1697,174,302,7,20.0135
1697,304,734,7,16.1082
1697,736,812,7,22.2468
1697,814,934,7,32.4877
1704,0,178,7,23.4694
1704,180,304,7,19.9921
1704,306,734,7,16.1855
1704,736,810,7,22.3125
1704,812,932,7,32.4816
1711,0,180,7,23.4931
1711,182,308,7,19.8828
1711,310,730,7,16.1771
1711,732,814,7,22.4405
1711,816,944,7,33.2481
1718,0,188,7,23.4789
1718,190,296,7,19.9236
1718,298,730,7,16.2137
1718,732,814,7,22.4911
1718,816,950,7,33.4761
1725,0,198,7,23.4912
1725,200,290,7,19.9701
1725,292,728,7,16.3202
1725,730,812,7,22.4643
1725,814,952,7,33.4929
1732,0,194,7,23.4962
1732,196,284,7,19.9333
1732,286,736,7,16.4204
1732,738,822,7,23.4797
1732,824,960,7,34.4529
1739,0,152,7,24.3685
1739,154,278,7,20.4841
1739,280,732,7,16.3987
1739,734,818,7,23.4331
1739,820,960,7,34.4683
1746,0,170,7,24.4288
1746,172,274,7,20.1683
1746,276,734,7,16.4255
1746,736,826,7,24.5
1746,828,966,7,35.1911
1753,0,146,7,24.478
1753,148,278,7,20.2973
1753,280,310,7,12.4219
1753,312,684,7,16.375
1753,686,746,7,18.8065
1753,748,958,7,34.4846
1760,0,132,7,24.9142
1760,134,272,7,20.2768
1760,274,332,7,12.4958
1760,334,738,7,16.7802
1760,740,962,7,34.4909
1767,0,144,7,24.4932
1767,146,266,7,20.043
1767,268,330,7,12.3555
1767,332,738,7,16.7696
1767,740,964,7,35.4867
1774,0,154,7,24.4776
1774,156,254,7,20.075
1774,256,324,7,12.2214
1774,326,734,7,16.75
1774,736,964,7,35.477
1781,0,150,7,24.4836
1781,152,252,7,20.2353
1781,254,322,7,12.1321
1781,324,736,7,16.8702
1781,738,962,7,35.4635
1788,0,158,7,24.4391
1788,160,250,7,19.9755
1788,252,310,7,12.0167
1788,312,638,7,16.4733
1788,640,754,7,18.7263
1788,756,974,7,36.4614
1795,0,168,7,24.4676
1795,170,250,7,20.0305
1795,252,300,7,12.05
1795,302,620,7,16.4953
1795,622,758,7,18.8533
1795,760,962,7,34.4792
1802,0,166,7,24.4568
1802,168,236,7,20.1107
1802,238,308,7,12.441
1802,310,738,7,17.1849
1802,740,836,7,25.4541
1802,838,986,7,37.4783
1809,0,166,7,24.3438
1809,168,228,7,20.1694
1809,230,300,7,12.4514
1809,302,740,7,17.2602
1809,742,834,7,25.4707
1809,836,986,7,37.4605
1816,0,228,7,23.2
1816,230,298,7,12.6429
1816,300,744,7,17.4664
1816,746,844,7,26.105
1816,846,994,7,38.475
1823,0,230,7,23.2144
1823,232,296,7,12.3523
1823,298,660,7,17.0213
1823,662,752,7,20.1712
1823,754,842,7,26.4917
1823,844,994,7,38.4819
1830,0,166,7,24.2485
1830,168,228,7,19.8992
1830,230,292,7,12.4531
1830,294,654,7,17.0518
1830,656,762,7,20.4861
1830,764,848,7,27.2965
1830,850,1002,7,39.4708
1837,0,232,7,23.2694
1837,234,282,7,13.025
1837,284,650,7,16.9701
1837,652,760,7,20.4568
1837,762,848,7,27.2017
1837,850,1012,7,40.3064
1844,0,240,7,23.4421
1844,242,530,7,16.4948
1844,532,746,7,18.9259
1844,748,844,7,26.4719
1844,846,1012,7,40.4896
1851,0,246,7,23.4637
1851,248,642,7,16.8466
1851,644,760,7,20.4725
1851,762,844,7,27.1071
1851,846,1010,7,40.4774
1858,0,258,7,23.475
1858,260,288,7,13.2333
1858,290,648,7,17.1917
1858,650,756,7,20.4051
1858,758,852,7,27.4349
1858,854,1014,7,41.2269
1865,0,248,7,23.48
1865,250,654,7,17.242
1865,656,756,7,20.4093
1865,758,848,7,27.4348
1865,850,1004,7,40.4776
1872,0,260,7,23.4885
1872,262,670,7,17.4274
1872,672,746,7,20.2993
1872,748,852,7,27.4858
1872,854,1006,7,40.474
1879,0,256,7,24.2597
1879,258,662,7,17.4988
1879,664,756,7,20.4814
1879,758,856,7,28.2075
1879,858,998,7,40.4965
1886,0,258,7,24.1471
1886,260,636,7,17.4993
1886,638,758,7,20.123
1886,760,858,7,28.4575
1886,860,1010,7,41.4079
1893,0,258,7,23.8202
1893,260,752,7,18.1154
1893,754,860,7,28.4931
1893,862,1006,7,41.4692
1900,0,272,7,23.4808
1900,274,746,7,18.115
1900,748,860,7,28.3925
1900,862,1004,7,41.4809
1907,0,262,7,23.839
1907,264,744,7,18.1919
1907,746,858,7,28.4232
1907,860,1010,7,41.4753
1914,26,28,7,4.1875
1914,46,48,7,22.5
1914,68,72,7,10.375
1914,128,140,7,4.95833
1914,142,146,7,22.0417
1914,148,378,7,1.35976
1914,380,384,7,6.41667
1914,386,558,7,1.46121
1914,560,562,7,15
1914,598,604,7,14.875
1914,606,670,7,0.557692
